<?xml version="1.0" encoding="UTF-8"?>
<project-private xmlns="http://www.netbeans.org/ns/project-private/1">
    <editor-bookmarks xmlns="http://www.netbeans.org/ns/editor-bookmarks/2" lastBookmarkId="0"/>
    <open-files xmlns="http://www.netbeans.org/ns/projectui-open-files/2">
        <group>
            <file>file:/C:/Users/joris/Documents/HBO-ICT/Jaar%201/Periode%204%20echt/DBJavaProject/ExampleJavaDBApp/src/javadbkoppelingws2/inputValidator.java</file>
            <file>file:/C:/Users/joris/Documents/HBO-ICT/Jaar%201/Periode%204%20echt/DBJavaProject/ExampleJavaDBApp/src/javadbkoppelingws2/OverviewPanel.java</file>
            <file>file:/C:/Users/joris/Documents/HBO-ICT/Jaar%201/Periode%204%20echt/DBJavaProject/ExampleJavaDBApp/src/javadbkoppelingws2/SignupPanel.java</file>
            <file>file:/C:/Users/joris/Documents/HBO-ICT/Jaar%201/Periode%204%20echt/DBJavaProject/ExampleJavaDBApp/src/javadbkoppelingws2/EditFrame.java</file>
            <file>file:/C:/Users/joris/Documents/HBO-ICT/Jaar%201/Periode%204%20echt/DBJavaProject/ExampleJavaDBApp/src/javadbkoppelingws2/Tab.java</file>
            <file>file:/C:/Users/joris/Documents/HBO-ICT/Jaar%201/Periode%204%20echt/DBJavaProject/ExampleJavaDBApp/src/javadbkoppelingws2/App.java</file>
            <file>file:/C:/Users/joris/Documents/HBO-ICT/Jaar%201/Periode%204%20echt/DBJavaProject/ExampleJavaDBApp/src/javadbkoppelingws2/SearchPanel.java</file>
            <file>file:/C:/Users/joris/Documents/HBO-ICT/Jaar%201/Periode%204%20echt/DBJavaProject/ExampleJavaDBApp/src/javadbkoppelingws2/DataSourceV2.java</file>
            <file>file:/C:/Users/joris/Documents/HBO-ICT/Jaar%201/Periode%204%20echt/DBJavaProject/ExampleJavaDBApp/src/javadbkoppelingws2/MyTableModel.java</file>
            <file>file:/C:/Users/joris/Documents/HBO-ICT/Jaar%201/Periode%204%20echt/DBJavaProject/ExampleJavaDBApp/src/javadbkoppelingws2/AddPanel.java</file>
        </group>
    </open-files>
</project-private>
